userid,Name,Age,Motivation,Overall Health Status
0,Liu Li,49,Reduce Stress,Poor
1,Samantha Jones,50,Build Muscle,Fair
2,Siti binti Zainal,18,Increase Energy,Fair
3,Michael Smith,55,Build Muscle,Poor
4,Tan Ah Kow,46,Build Muscle,Fair
5,Karthik Subramaniam,37,Improve Sleep,Good
6,Toh Chia Yi,18,Increase Energy,Fair
7,Andrew Fernandez,53,Reduce Stress,Excellent
8,Chang Ling,60,Social Interaction,Good
9,Toh Wei,28,Build Muscle,Fair
10,Ravi Shankar,25,Weight Management,Good
11,Priya Rajan,44,Social Interaction,Poor
12,Lim Mei Ling,46,Improve Sleep,Poor
13,Siti binti Ahmad,45,Increase Energy,Excellent
14,Peter Tan,19,Reduce Stress,Poor
15,Lakshmi Devi,22,Increase Energy,Good
16,Ho Mei,25,Weight Management,Fair
17,Farah binti Kamal,57,Weight Management,Poor
18,Tan Ah Kow,52,Increase Energy,Good
19,Shanti Devi,37,Reduce Stress,Excellent
20,Vijay Singh,49,Reduce Stress,Fair
21,Ho Mei,22,Build Muscle,Good
22,Arjun Rao,22,Reduce Stress,Fair
23,Chang Ling,32,Build Muscle,Poor
24,Nur binti Rahman,50,Weight Management,Excellent
25,Sangeeta Pillai,46,Increase Energy,Excellent
26,Amit Rao,46,Build Muscle,Fair
27,Zhang Wei,26,Social Interaction,Fair
28,Aishwarya Reddy,41,Improve Sleep,Excellent
29,Aisyah binti Hamid,33,Increase Energy,Fair
30,Liu Li,22,Reduce Stress,Fair
31,Brian Tan,40,Weight Management,Poor
32,Ng Jia,57,Build Muscle,Excellent
33,Suresh Menon,25,Social Interaction,Poor
34,Michelle Smith,54,Weight Management,Fair
35,Deepa Anand,24,Increase Energy,Fair
36,Lee Min Ho,58,Increase Energy,Excellent
37,Elizabeth Tan,56,Weight Management,Poor
38,Lim Mei Ling,45,Weight Management,Fair
39,Ahmad bin Salim,48,Reduce Stress,Excellent
40,Liyana binti Razak,34,Weight Management,Good
41,Ananda Krishna,30,Reduce Stress,Fair
42,Robert Smith,51,Social Interaction,Poor
43,Chong Wei Ling,48,Build Muscle,Fair
44,Sandra Jones,51,Weight Management,Poor
45,Chong Wei Ling,49,Improve Sleep,Excellent
46,Tan Ming,45,Reduce Stress,Poor
47,Chen Wei,38,Reduce Stress,Poor
48,Hadi bin Musa,28,Improve Sleep,Poor
49,Lin Wei,62,Increase Energy,Fair
50,Halim bin Zaid,36,Weight Management,Fair
51,Gan Wei Ling,46,Increase Energy,Excellent
52,Julian Fernandez,59,Reduce Stress,Fair
53,Christopher de Souza,55,Reduce Stress,Poor
54,Rekha Nair,19,Weight Management,Excellent
55,Azhar bin Rosli,29,Build Muscle,Good
56,Meena Pillai,64,Social Interaction,Poor
57,Chen Wen,50,Improve Sleep,Excellent
58,Vivek Iyer,50,Improve Sleep,Excellent
59,Azman bin Salleh,52,Reduce Stress,Excellent
60,Hafiz bin Ali,20,Weight Management,Good
61,Nisha Nair,55,Increase Energy,Poor
62,Deborah Matthews,63,Improve Sleep,Fair
63,Nadia binti Hassan,22,Reduce Stress,Fair
64,Ng Jia,35,Improve Sleep,Excellent
65,Amirah binti Rahim,54,Increase Energy,Good
66,Lee Siew,41,Increase Energy,Excellent
67,Goh Siew,54,Build Muscle,Good
68,Wang Fang,20,Reduce Stress,Excellent
69,Goh Wen,41,Reduce Stress,Good
70,Rebecca Pereira,61,Social Interaction,Fair
71,Zhang Wei,63,Reduce Stress,Poor
72,Lee Min Ho,31,Increase Energy,Excellent
73,Rashid bin Kadir,55,Build Muscle,Good
74,Melissa Pereira,28,Weight Management,Good
75,Wang Fang,34,Increase Energy,Good
76,Kumar Raj,24,Social Interaction,Excellent
77,Aziz bin Osman,31,Reduce Stress,Good
78,Rahman bin Isa,38,Social Interaction,Fair
79,Chen Wei,25,Improve Sleep,Good
80,Toh Chia Yi,33,Build Muscle,Excellent
81,Linda Lee,41,Weight Management,Excellent
82,Tan Ming,64,Build Muscle,Good
83,John Pereira,30,Build Muscle,Fair
84,Firdaus bin Mohamad,20,Social Interaction,Poor
85,Daniel Fernandez,30,Improve Sleep,Good
86,Rachel Lee,31,Build Muscle,Fair
87,Fatin binti Hakim,49,Reduce Stress,Excellent
88,Yeoh Mei,21,Social Interaction,Good
89,Chen Jia,56,Social Interaction,Poor
90,Chen Jia,50,Weight Management,Good
91,Yeoh Mei,30,Improve Sleep,Excellent
92,Rahul Sharma,61,Increase Energy,Poor
93,Rajesh Kumar,47,Weight Management,Poor
94,Goh Wen,19,Weight Management,Good
95,Nicholas Fernandez,21,Social Interaction,Fair
96,Karen Jones,62,Reduce Stress,Excellent
97,Lin Wei,31,Weight Management,Poor
98,Syafiqah binti Ismail,24,Reduce Stress,Good
99,Gan Wei Ling,20,Improve Sleep,Good
